{
  "project_info": {
    "project_number": "525666386608",
    "firebase_url": "https://kode-kenobi-store.firebaseio.com",
    "project_id": "kode-kenobi-store",
    "storage_bucket": "kode-kenobi-store.appspot.com"
  },
  "client": [
    {
      "client_info": {
        "mobilesdk_app_id": "1:525666386608:android:2c9218a82edf0b0a69f175",
        "android_client_info": {
          "package_name": "com.kodekenobi.store"
        }
      },
      "oauth_client": [
        {
          "client_id": "525666386608-pagtdqh3iu2u39u45b96lpqf6k6os9lf.apps.googleusercontent.com",
          "client_type": 1,
          "android_info": {
            "package_name": "com.kodekenobi.store",
            "certificate_hash": "7528b88da3e128497d1bfb42285573811c47f29b"
          }
        },
        {
          "client_id": "525666386608-8a62qvkkhelc1o0n3qfeg9octogpeqoj.apps.googleusercontent.com",
          "client_type": 3
        }
      ],
      "api_key": [
        {
          "current_key": "AIzaSyCUGpnVFEwmSTR3RHSlssyTQJW_JlDOPg0"
        }
      ],
      "services": {
        "appinvite_service": {
          "other_platform_oauth_client": [
            {
              "client_id": "525666386608-8a62qvkkhelc1o0n3qfeg9octogpeqoj.apps.googleusercontent.com",
              "client_type": 3
            }
          ]
        }
      }
    }
  ],
  "configuration_version": "1"
}